DEPARTAMENTO,MUNICIPIO,VIVIENDAS,COBERTURA,ICE,IAE
ATLÁNTIDA,La Ceiba,"58,999","57,918",98.17%,98.31%
ATLÁNTIDA,El Porvenir,"6,894","6,657",96.56%,96.92%
ATLÁNTIDA,Esparta,"6,580","4,574",69.51%,70.47%
ATLÁNTIDA,Jutiapa,"9,011","7,340",81.46%,84.14%
ATLÁNTIDA,La Masica,"12,779","7,763",60.75%,62.31%
ATLÁNTIDA,San Francisco del Valle,"4,422","3,910",88.42%,89.24%
ATLÁNTIDA,Tela,"36,646","26,958",73.56%,74.28%
ATLÁNTIDA,Arizona,"9,002","6,590",73.21%,73.52%
COLÓN,Trujillo,"16,804","16,120",95.93%,96.42%
COLÓN,Balfate,"2,275","2,253",99.03%,111.30%
COLÓN,Iriona,"8,730",90,1.03%,9.63%
COLÓN,Limón,"3,555","2,632",74.04%,74.54%
COLÓN,Sabá,"9,461","9,225",97.51%,97.55%
COLÓN,Santa Fe,"1,504","1,461",97.14%,110.70%
COLÓN,Santa Rosa de Aguán,"1,770","1,475",83.33%,84.18%
COLÓN,Sonaguera,"12,770","12,485",97.77%,97.91%
COLÓN,Tocoa,"28,555","27,194",95.23%,96.30%
COLÓN,Bonito Oriental,"7,963","7,129",89.53%,91.03%
COMAYAGUA,Comayagua,"51,011","41,951",82.24%,83.21%
COMAYAGUA,Ajuterique,"3,869","3,528",91.19%,91.19%
COMAYAGUA,El Rosario,"9,491","7,278",76.68%,76.68%
COMAYAGUA,Esquías,"9,247","3,605",38.99%,39.63%
COMAYAGUA,Humuya,602,390,64.78%,64.78%
COMAYAGUA,La Libertad,"9,432","7,203",76.37%,76.56%
COMAYAGUA,Lamaní,"2,091","1,444",69.06%,69.49%
COMAYAGUA,La Trinidad,"1,352",979,72.41%,72.41%
COMAYAGUA,Lejamaní,"2,188","2,023",92.46%,92.46%
COMAYAGUA,Meámbar,"3,720","1,965",52.82%,57.31%
COMAYAGUA,Minas de Oro,"4,380","3,232",73.79%,73.79%
COMAYAGUA,Ojos de Agua,"2,997","2,081",69.44%,69.44%
COMAYAGUA,San Jerónimo,"8,338","4,794",57.50%,57.50%
COMAYAGUA,San José de Comayagua,"2,067","1,802",87.18%,87.28%
COMAYAGUA,San José del Potrero,"1,965","1,735",88.30%,88.30%
COMAYAGUA,San Luis,"3,371","2,233",66.24%,66.63%
COMAYAGUA,San Sebastián,"1,347",935,69.41%,73.20%
COMAYAGUA,Siguatepeque,"34,515","31,691",91.82%,91.87%
COMAYAGUA,Villa de San Antonio,"8,523","6,293",73.84%,73.87%
COMAYAGUA,Las Lajas,"3,725","3,370",90.47%,90.82%
COMAYAGUA,Taulabé,"9,381","8,156",86.94%,86.98%
COMAYAGUA,San Luis,"3,371","2,233",66.24%,66.63%
COMAYAGUA,San Sebastián,"1,347",935,69.41%,73.20%
COMAYAGUA,Siguatepeque,"34,515","31,691",91.82%,91.87%
COMAYAGUA,Villa de San Antonio,"8,523","6,293",73.84%,73.87%
COMAYAGUA,Las Lajas,"3,725","3,370",90.47%,90.82%
COMAYAGUA,Taulabé,"9,381","8,156",86.94%,86.98%
COPÁN,Santa Rosa de Copán,"23,333","21,844",93.62%,93.67%
COPÁN,Cabañas,"3,839","2,788",72.62%,75.64%
COPÁN,Concepción,"2,130","1,696",79.62%,83.19%
COPÁN,Copan Ruinas,"11,360","9,311",81.96%,82.96%
COPÁN,Corquín,"5,721","5,016",87.68%,88.03%
COPÁN,Cucuyagua,"5,805","5,315",91.56%,91.77%
COPÁN,Dolores,"1,692","1,396",82.51%,83.27%
COPÁN,Dulce Nombre,"2,004","1,917",95.66%,95.71%
COPÁN,El Paraíso,"6,522","4,655",71.37%,76.99%
COPÁN,Florida,"9,225","6,204",67.25%,68.15%
COPÁN,La Jigua,"3,175","2,465",77.64%,78.65%
COPÁN,La Unión,"5,669","4,862",85.76%,87.26%
COPÁN,Nueva Arcadia,"14,934","13,663",91.49%,92.51%
COPÁN,San Agustín,"1,862","1,417",76.10%,79.05%
COPÁN,San Antonio,"3,081","2,601",84.42%,85.39%
COPÁN,San Jerónimo,"1,709","1,353",79.17%,85.25%
COPÁN,San José,"2,526","1,905",75.42%,79.61%
COPÁN,San Juan de Opoa,"2,901","2,527",87.11%,87.80%
COPÁN,San Nicolás,"3,204","2,159",67.38%,72.72%
COPÁN,San Pedro,"2,503","2,224",88.85%,88.89%
COPÁN,Santa Rita,"9,263","6,996",75.53%,77.55%
COPÁN,Trinidad,"2,551","1,797",70.44%,72.17%
COPÁN,Veracruz,"1,051",862,82.02%,86.87%
CORTÉS,San Pedro Sula,"219,732","215,211",97.94%,98.10%
CORTÉS,Choloma,"67,571","65,727",97.27%,97.41%
CORTÉS,Omoa,"15,799","14,387",91.06%,92.16%
CORTÉS,Pimienta,"6,842","6,504",95.06%,95.06%
CORTÉS,Potrerillos,"7,833","7,426",94.80%,94.94%
CORTÉS,Puerto Cortés,"43,227","41,929",97.00%,97.31%
CORTÉS,San Antonio de Cortés,"6,791","5,674",83.55%,91.87%
CORTÉS,San Francisco de Yojoa,"7,181","6,628",92.30%,92.31%
CORTÉS,San Manuel,"15,966","15,338",96.07%,96.07%
CORTÉS,Santa Cruz de Yojoa,"32,176","28,542",88.71%,89.69%
CORTÉS,Villanueva,"45,878","43,968",95.84%,95.88%
CORTÉS,La Lima,"21,100","20,306",96.24%,96.26%
CHOLUTECA,Choluteca,"54,281","49,764",91.68%,91.77%
CHOLUTECA,Apacilagua,"2,779","1,501",54.01%,55.92%
CHOLUTECA,Concepción de María,"6,368","4,315",67.76%,68.42%
CHOLUTECA,Duyure,845,626,74.08%,79.88%
CHOLUTECA,El Corpus,"6,295","3,912",62.14%,65.05%
CHOLUTECA,El Triunfo,"10,535","8,165",77.50%,77.68%
CHOLUTECA,Marcovia,"13,046","11,920",91.37%,91.59%
CHOLUTECA,Morolica,"1,574",994,63.15%,63.15%
CHOLUTECA,Namasigue,"7,739","6,136",79.29%,79.56%
CHOLUTECA,Orocuina,"5,055","4,652",92.03%,92.11%
CHOLUTECA,Pespire,"7,620","6,103",80.09%,80.09%
CHOLUTECA,San Antonio de Flores,"1,826","1,675",91.73%,91.73%
CHOLUTECA,San Isidro,994,909,91.45%,91.45%
CHOLUTECA,San José,"1,097","1,004",91.52%,101.19%
CHOLU0TECA,San Marcos de Colón,"7,960","5,994",75.30%,80.13%
CHOLUTECA,Santa Ana de Yusguare,"4,327","4,109",94.96%,95.68%
EL PARAÍSO,Yuscarán,"4,148","3,833",92.41%,92.60%
EL PARAÍSO,Alauca,"1,809","1,588",87.78%,88.17%
EL PARAÍSO,Danlí,"53,729","43,145",80.30%,80.93%
EL PARAÍSO,El Paraíso,"12,459","10,859",87.16%,90.10%
EL PARAÍSO,Guinope,"2,899","2,552",88.03%,89.44%
EL PARAÍSO,Jacaleapa,"1,585","1,534",96.78%,96.78%
EL PARAÍSO,Liure,"2,195","1,946",88.66%,88.70%
EL PARAÍSO,Morocelí,"4,638","3,952",85.21%,85.75%
EL PARAÍSO,Oropolí,"1,752","1,681",95.95%,96.29%
EL PARAÍSO,Potrerillos,"1,480","1,395",94.26%,95.00%
EL PARAÍSO,San Antonio de Flores,"1,397",903,64.64%,64.64%
EL PARAÍSO,San Lucas,"1,199",760,63.39%,64.14%
EL PARAÍSO,San Matías,"1,652","1,588",96.13%,96.13%
EL PARAÍSO,Soledad,"2,881","2,610",90.59%,92.85%
EL PARAÍSO,Teupasenti,"8,929","4,034",45.18%,48.71%
EL PARAÍSO,Texiguat,"2,002",858,42.86%,44.71%
EL PARAÍSO,Vado Ancho,872,641,73.51%,73.51%
EL PARAÍSO,Yauyupe,472,394,83.47%,83.47%
EL PARAÍSO,Trojes,"9,416","3,559",37.80%,40.88%
FRANCISCO MORAZÁN,Distrito Central,"326,353","321,366",98.47%,98.66%
FRANCISCO MORAZÁN,Alubarén,"1,205","1,093",90.71%,90.71%
FRANCISCO MORAZÁN,Cedros,"12,485","7,308",58.53%,58.55%
FRANCISCO MORAZÁN,Curarén,"4,772","1,390",29.13%,29.17%
FRANCISCO MORAZÁN,El Porvenir,"9,858","5,920",60.05%,60.31%
FRANCISCO MORAZÁN,Guaimaca,"9,201","7,764",84.38%,85.47%
FRANCISCO MORAZÁN,La Libertad,778,691,88.82%,91.13%
FRANCISCO MORAZÁN,La Venta,"1,786","1,649",92.33%,92.33%
FRANCISCO MORAZÁN,Lepaterique,"6,171","2,218",35.94%,40.19%
FRANCISCO MORAZÁN,Maraita,"1,971","1,817",92.19%,98.27%
FRANCISCO MORAZÁN,Marale,"1,730","1,207",69.77%,73.12%
FRANCISCO MORAZÁN,Nueva Armenia,"1,084",904,83.39%,83.39%
FRANCISCO MORAZÁN,Ojojona,"3,240","2,366",73.02%,82.07%
FRANCISCO MORAZÁN,Orica,"4,106","3,615",88.04%,88.07%
FRANCISCO MORAZÁN,Reitoca,"2,396","1,843",76.92%,81.43%
FRANCISCO MORAZÁN,Sabanagrande,"5,535","5,211",94.15%,94.22%
FRANCISCO MORAZÁN,San Antonio de Oriente,"4,601","4,274",92.89%,94.31%
FRANCISCO MORAZÁN,San Buenaventura,722,596,82.55%,82.55%
FRANCISCO MORAZÁN,San Ignacio,"3,352","3,016",89.98%,89.98%
FRANCISCO MORAZÁN,San Juan de Flores,"4,357","4,057",93.11%,94.08%
FRANCISCO MORAZÁN,San Miguelito,537,507,94.41%,94.41%
FRANCISCO MORAZÁN,Santa Ana,"4,791","4,476",93.43%,93.45%
FRANCISCO MORAZÁN,Santa Lucía,"5,303","5,140",96.93%,96.93%
FRANCISCO MORAZÁN,Talanga,"13,171","11,803",89.61%,89.72%
FRANCISCO MORAZÁN,Tatumbla,"3,579","3,365",94.02%,94.02%
FRANCISCO MORAZÁN,Valle de Ángeles,"6,691","6,547",97.85%,98.22%
FRANCISCO MORAZÁN,Villa de San Francisco,"3,405","3,340",98.09%,98.09%
FRANCISCO MORAZÁN,Vallecillo,"3,657","2,317",63.36%,64.53%
GRACIAS A DIOS,Puerto Lempira,"9,256","2,662",28.76%,63.73%
GRACIAS A DIOS,Brus Laguna,"3,379",-,0.00%,1.39%
GRACIAS A DIOS,Ahuás,"2,230",-,0.00%,0.00%
GRACIAS A DIOS,Juan Francisco Bulnes,"1,769",-,0.00%,4.52%
GRACIAS A DIOS,Villeda Morales,"2,445",-,0.00%,1.92%
GRACIAS A DIOS,Wampusirpi,"1,989",-,0.00%,0.00%
INTIBUCA,La Esperanza,"4,661","4,249",91.16%,96.59%
INTIBUCA,Camasca,"2,004","1,865",93.06%,95.51%
INTIBUCA,Colomoncagua,"4,529","3,838",84.74%,87.61%
INTIBUCA,Concepción,"2,600","2,416",92.92%,95.85%
INTIBUCA,Dolores,"1,056",537,50.85%,52.08%
INTIBUCA,Intibucá,"16,745","10,230",61.09%,69.18%
INTIBUCA,Jesús de Otoro,"10,107","7,124",70.49%,74.02%
INTIBUCA,Magdalena,"1,376","1,287",93.53%,93.60%
INTIBUCA,Masaguara,"4,435","2,771",62.48%,71.88%
INTIBUCA,San Antonio,"1,557","1,432",91.97%,93.90%
INTIBUCA,San Isidro,"1,546","1,219",78.85%,78.85%
INTIBUCA,San Juan,"5,882","3,875",65.88%,72.27%
INTIBUCA,San Marcos de la Sierra,"2,298",948,41.25%,60.62%
INTIBUCA,San Miguelito,"2,417","1,396",57.76%,57.76%
INTIBUCA,Santa Lucía,"1,657","1,547",93.36%,93.36%
INTIBUCA,Yamaranguila,"6,292","2,628",41.77%,64.30%
INTIBUCA,San Francisco de Opalaca,"2,852",350,12.27%,47.93%
ISLA DE LA BAHÍA,Roatán,"13,819","13,594",98.37%,98.41%
ISLA DE LA BAHÍA,Guanaja,"2,031","1,959",96.45%,96.45%
ISLA DE LA BAHÍA,José Santos Guardiola,"3,964","3,926",99.04%,99.14%
ISLA DE LA BAHÍA,Utila,"2,624","2,612",99.54%,99.58%
LA PAZ,La Paz,"13,267","12,069",90.97%,92.64%
LA PAZ,Aguanqueterique,"1,472",792,53.80%,80.30%
LA PAZ,Cabañas,"1,142",538,47.11%,57.27%
LA PAZ,Cane,"1,518","1,275",83.99%,85.44%
LA PAZ,Chinacla,"1,693","1,108",65.45%,90.90%
LA PAZ,Guajiquiro,"2,908","1,578",54.26%,81.09%
LA PAZ,Lauterique,752,661,87.90%,88.56%
LA PAZ,Marcala,"9,582","7,683",80.18%,83.34%
LA PAZ,Mercedes de Oriente,309,208,67.31%,84.79%
LA PAZ,Opatoro,"1,854","1,116",60.19%,76.75%
LA PAZ,San Antonio del Norte,891,835,93.71%,96.30%
LA PAZ,San José,"2,230","1,922",86.19%,90.94%
LA PAZ,San Juan,626,577,92.17%,152.24%
LA PAZ,San Pedro de Tutule,"1,956","1,649",84.30%,89.06%
LA PAZ,Santa Ana,"2,486","1,233",49.60%,49.64%
LA PAZ,Santa Elena,"3,157","1,339",42.41%,47.96%
LA PAZ,Santa María,"2,920","2,232",76.44%,87.29%
LA PAZ,Santiago de Puringla,"4,966","3,115",62.73%,75.13%
LA PAZ,Yarula,"2,356","1,455",61.76%,68.46%
LEMPIRA,Gracias,"18,133","16,028",88.39%,93.95%
LEMPIRA,Belén,"3,030","1,231",40.63%,47.29%
LEMPIRA,Candelaria,"2,087","1,910",91.52%,92.53%
LEMPIRA,Cololaca,"2,395","1,942",81.09%,86.35%
LEMPIRA,Erandique,"5,817","2,235",38.42%,57.50%
LEMPIRA,Gualcince,"2,972","1,762",59.29%,76.11%
LEMPIRA,Guarita,"3,616","2,873",79.45%,80.28%
LEMPIRA,La Campa,"2,254","1,260",55.90%,64.82%
LEMPIRA,La Iguala,"7,456","5,417",72.65%,78.65%
LEMPIRA,Las Flores,"3,059","2,760",90.23%,93.20%
LEMPIRA,La Unión,"3,771","3,448",91.43%,93.69%
LEMPIRA,La Virtud,"2,167","1,977",91.23%,91.65%
LEMPIRA,Lepaera,"12,000","9,075",75.63%,80.35%
LEMPIRA,Mapulaca,"1,543","1,401",90.80%,91.77%
LEMPIRA,Piraera,"2,757","1,024",37.14%,53.46%
LEMPIRA,San Andrés,"3,088","1,215",39.35%,70.40%
LEMPIRA,San Francisco del Valle,"1,590",927,58.30%,60.57%
LEMPIRA,San Juan Guarita,911,864,94.84%,94.84%
LEMPIRA,San Manuel Colohete,"3,550","1,367",38.51%,64.59%
LEMPIRA,San Rafael,"4,167","3,630",87.11%,90.52%
LEMPIRA,San Sebastián,"3,495","1,115",31.90%,33.36%
LEMPIRA,Santa Cruz,"2,269",458,20.19%,50.24%
LEMPIRA,Talgua,"3,163","2,748",86.88%,88.27%
LEMPIRA,Tambla,"1,516","1,325",87.40%,89.91%
LEMPIRA,Tomalá,"1,753","1,605",91.56%,94.18%
LEMPIRA,Valladolid,"1,389","1,281",92.22%,94.82%
LEMPIRA,Virginia,812,728,89.66%,90.15%
LEMPIRA,San Marcos de Caiquín,"1,653","1,003",60.68%,71.69%
OCOTEPEQUE,Ocotepeque,"8,997","8,244",91.63%,91.63%
OCOTEPEQUE,Belén Gualcho,"4,294","3,294",76.71%,88.15%
OCOTEPEQUE,Concepción,"1,993","1,616",81.08%,84.90%
OCOTEPEQUE,Dolores Merendón,"1,068",974,91.20%,102.90%
OCOTEPEQUE,Fraternidad,"2,124","1,804",84.93%,90.30%
OCOTEPEQUE,La Encarnación,"1,653","1,557",94.19%,94.37%
OCOTEPEQUE,La Labor,"3,459","3,216",92.97%,93.00%
OCOTEPEQUE,Lucerna,"2,193","1,806",82.35%,84.04%
OCOTEPEQUE,Mercedes,"2,680","2,342",87.39%,90.97%
OCOTEPEQUE,San Fernando,"2,332","2,097",89.92%,90.57%
OCOTEPEQUE,San Francisco del Valle,"3,677","3,318",90.24%,91.30%
OCOTEPEQUE,San Jorge,"1,050",877,83.52%,84.48%
OCOTEPEQUE,San Marcos,"8,627","8,180",94.82%,95.25%
OCOTEPEQUE,Santa Fe,"1,748","1,600",91.53%,103.20%
OCOTEPEQUE,Sensenti,"3,985","3,738",93.80%,93.80%
OCOTEPEQUE,Sinuapa,"3,742","3,275",87.52%,88.54%
OLANCHO,Juticalpa,"37,377","34,290",91.74%,92.19%
OLANCHO,Campamento,"6,100","4,758",78.00%,84.95%
OLANCHO,Catacamas,"34,894","25,858",74.10%,76.92%
OLANCHO,Concordia,"2,569","2,440",94.98%,94.98%
OLANCHO,Dulce nombre de Culmí,"5,530","2,865",51.81%,70.13%
OLANCHO,El Rosario,"1,246","1,236",99.20%,99.20%
OLANCHO,Esquipulas del Norte,"2,277","1,549",68.03%,68.25%
OLANCHO,Gualaco,"7,287","4,574",62.77%,67.38%
OLANCHO,Guarizama,"2,282","2,210",96.84%,96.84%
OLANCHO,Guata,"2,394",995,41.56%,50.92%
OLANCHO,Guayape,"3,042","2,034",66.86%,68.41%
OLANCHO,Jano,"1,057",697,65.94%,68.21%
OLANCHO,La Unión,"2,350","1,601",68.13%,71.74%
OLANCHO,Mangulile,"1,696",790,46.58%,47.23%
OLANCHO,Manto,"3,403","3,090",90.80%,91.39%
OLANCHO,Salamá,"2,377","2,318",97.52%,97.56%
OLANCHO,San Estéban,"6,973","5,765",82.68%,86.68%
OLANCHO,San Francisco de Becerra,"2,395","2,214",92.44%,93.49%
OLANCHO,San Francisco de la Paz,"5,518","4,943",89.58%,89.58%
OLANCHO,Santa María del Real,"3,829","3,436",89.74%,89.74%
OLANCHO,Silca,"2,087","1,989",95.30%,95.40%
OLANCHO,Yocón,"2,181","1,349",61.85%,74.42%
OLANCHO,Patuca,"5,747","3,710",64.56%,64.57%
SANTA BÁRBARA,Santa Bárbara,"17,349","16,217",93.48%,94.31%
SANTA BÁRBARA,Arada,"3,559","3,250",91.32%,91.63%
SANTA BÁRBARA,Atíma,"6,546","5,109",78.05%,80.22%
SANTA BÁRBARA,Azacualpa,"7,753","5,703",73.56%,78.74%
SANTA BÁRBARA,Ceguaca,"1,585","1,470",92.74%,95.33%
SANTA BÁRBARA,San José de Colinas,"6,760","5,918",87.54%,88.92%
SANTA BÁRBARA,Concepción del Norte,"2,718","2,111",77.67%,82.23%
SANTA BÁRBARA,Concepción del Sur,"2,104","1,914",90.97%,93.44%
SANTA BÁRBARA,Chinda,"1,417","1,259",88.85%,91.95%
SANTA BÁRBARA,El Níspero,"2,727","2,427",89.00%,89.73%
SANTA BÁRBARA,Gualala,"2,032","1,712",84.25%,84.94%
SANTA BÁRBARA,Ilama,"3,664","2,714",74.07%,77.78%
SANTA BÁRBARA,Macuelizo,"10,608","9,277",87.45%,88.11%
SANTA BÁRBARA,Naranjito,"4,844","3,053",63.03%,68.48%
SANTA BÁRBARA,Nuevo Celilac,"2,615","2,057",78.66%,78.66%
SANTA BÁRBARA,Petoa,"4,855","3,971",81.79%,82.92%
SANTA BÁRBARA,Protección,"5,475","3,652",66.70%,69.64%
SANTA BÁRBARA,Quimistán,"17,890","14,279",79.82%,82.52%
SANTA BÁRBARA,San Francisco de Ojuera,"2,580","2,101",81.43%,83.53%
SANTA BÁRBARA,San Luis,"10,485","6,305",60.13%,60.26%
SANTA BÁRBARA,San Marcos,"6,162","4,493",72.91%,73.52%
SANTA BÁRBARA,San Nicolás,"4,940","4,112",83.24%,86.70%
SANTA BÁRBARA,San Pedro Zacapa,"3,725","3,349",89.91%,90.85%
SANTA BÁRBARA,Santa Rita,"1,365","1,039",76.12%,89.82%
SANTA BÁRBARA,San Vicente Centenario,"1,744","1,493",85.61%,85.61%
SANTA BÁRBARA,Trinidad,"7,286","6,386",87.65%,88.36%
SANTA BÁRBARA,Las Vegas,"7,890","7,420",94.04%,94.46%
SANTA BÁRBARA,Nueva Frontera,"5,182","3,708",71.56%,78.19%
VALLE,Nacaome,"17,030","15,649",91.89%,91.93%
VALLE,Alianza,"2,706","2,624",96.97%,96.97%
VALLE,Amapala,"3,644","3,553",97.50%,97.50%
VALLE,Aramecina,"2,031","1,980",97.49%,97.49%
VALLE,Caridad,"1,384","1,219",88.08%,88.22%
VALLE,Goascorán,"5,036","4,874",96.78%,96.78%
VALLE,Langue,"5,092","3,213",63.10%,63.49%
VALLE,San Francisco de Coray,"2,080","1,463",70.34%,70.34%
VALLE,San Lorenzo,"13,364","13,126",98.22%,98.22%
YORO,Yoro,"21,841","14,605",66.87%,68.02%
YORO,Arenal,"1,559","1,360",87.24%,87.56%
YORO,El Negrito,"15,341","12,561",81.88%,82.61%
YORO,El Progreso,"63,641","61,607",96.80%,97.33%
YORO,Jocón,"2,265","1,658",73.20%,73.33%
YORO,Morazán,"13,317","12,056",90.53%,91.60%
YORO,Olanchito,"31,864","28,620",89.82%,91.46%
YORO,Santa Rita,"6,851","6,552",95.64%,98.37%
YORO,Sulaco,"4,070","3,822",93.91%,94.28%
YORO,Victoria,"7,293","5,197",71.26%,76.92%
YORO,Yorito,"3,409","3,038",89.12%,91.82%
,Total,,"2,204,870",85.66%,87.36%
